Drug Name,Cell Line Name
Lenalidomide,U-87-MG
Topotecan,no-11
UMI-77,NMC-G1
BX795,GAMG
BI-2536,SU-DHL-8
PF-4708671,DK-MG
5-azacytidine,DOHH-2
SL0101,D-263MG
GSK2801,SU-DHL-4
GSK2830371,SU-DHL-4
PF-4708671,SU-DHL-8
SGC-CBP30,SU-DHL-4
123829,MC116
150412,D-336MG
AZD5438,NMC-G1
Niraparib,WSU-DLCL2
Fludarabine,MC116
615590,no-10
Acetalax,D-542MG
CCT-018159,KALS-1
Teniposide,D-566MG
GSK269962A,A4-Fuk
Gallibiscoquinazole,SF295
Osimertinib,LNZTA3WT4
667880,SU-DHL-4
AZD1332,YKG-1
Fludarabine,Hs-683
Bicalutamide,U-87-MG
N-acetyl cysteine,CRO-AP2
Paclitaxel,LNZTA3WT4
Piperlongumine,KINGS-1
AZD6482,LN-405
Vinblastine,KNS-42
Rucaparib,U-87-MG
Daporinad,42-MG-BA
5-azacytidine,CTB-1
Gallibiscoquinazole,no-11
Elesclomol,SK-MG-1
MIM1,D-247MG
glutathione,SNB75
SB505124,KARPAS-1106P
Vinblastine,CTB-1
IOX2,KARPAS-422
GSK2606414,MOG-G-UVW
AZD5153,SU-DHL-16
UNC0379,Farage
POMHEX,NMC-G1
Sinularin,no-11
Cytarabine,SNB75
776928,JM1
SB505124,LN-229
615590,KNS-42
Dihydrorotenone,MC116
ICL-SIRT078,SF295
L-Oxonoreleagnine,D-336MG
BI-2536,U-87-MG
Tretinoin,D-263MG
Remodelin,Becker
SB505124,RC-K8
Bosutinib,U-87-MG
AZD6482,AM-38
5-azacytidine,SNB75
alpha-lipoic acid,DOHH-2
AZD5153,D-423MG
L-Oxonoreleagnine,SU-DHL-4
UNC0379,DOHH-2
alpha-lipoic acid,SF126
Sabutoclax,WSU-DLCL2
GSK-LSD1,OCI-LY-19
615590,Hs-683
CCT-018159,KINGS-1
123138,OCI-LY-19
CPI-637,NMC-G1
CCT007093,MOG-G-UVW
765771,D-336MG
Entinostat,WSU-DLCL2
GSK269962A,LNZTA3WT4
Tretinoin,TUR
SGC-CBP30,WSU-DLCL2
Elephantin,KNS-81-FD
KRAS (G12C) Inhibitor-12,MOG-G-CCM
MIM1,no-11
Romidepsin,YKG-1
Carmustine,YKG-1
Obatoclax Mesylate,RL
AZD5153,YKG-1
Tozasertib,U251
LMP744,SF126
743380,SU-DHL-4
SCH772984,MC116
AZD1208,D-502MG
BIBR-1532,GI-1
GSK2110183B,no-11
GSK269962A,SK-MG-1
Elephantin,D-566MG
IOX2,D-392MG
Temsirolimus,U-87-MG
Piperlongumine,SU-DHL-8
Nelarabine,LNZTA3WT4
Mitoxantrone,D-247MG
GSK2110183B,D-502MG
AZD1208,no-11
POMHEX,D-542MG
CPI-637,MC116
Tretinoin,KINGS-1
Ruxolitinib,MOG-G-UVW
I-BET-762,WSU-DLCL2
Schweinfurthin A,D-247MG
Elesclomol,KARPAS-1106P
Vincristine,SNB75
KRAS (G12C) Inhibitor-12,MOG-G-UVW
Romidepsin,SF295
alpha-lipoic acid,SNB75
Bromosporine,SF295
PF-4708671,LNZTA3WT4
MIM1,JEKO-1
5-azacytidine,D-336MG
630600,LNZTA3WT4
GSK-LSD1,LNZTA3WT4
720427,SF295
123138,LNZTA3WT4
5-azacytidine,SF126
720427,MOG-G-CCM
Piperlongumine,LN-18
PF-4708671,A3-KAW
667880,MC116
glutathione,YKG-1
765771,JM1
Elephantin,CRO-AP2
SL0101,TK
729189,D-502MG
Teniposide,OCI-LY-19
Daporinad,LN-18
CHIR-99021,A172
UMI-77,CRO-AP2
MIM1,RL
MIM1,D-542MG
IOX2,VAL
Romidepsin,RL
Carmustine,SU-DHL-16
Wnt-C59,WSU-DLCL2
630600,MOG-G-CCM
Mycophenolic acid,OCI-LY-19
alpha-lipoic acid,JM1
CPI-637,NU-DUL-1
AZD6482,SU-DHL-6
Dihydrorotenone,KNS-42
LCL161,MOG-G-CCM
Tretinoin,WSU-DLCL2
AGI-6780,WSU-DLCL2
ICL-SIRT078,NU-DUL-1
UNC0638,JEKO-1
Remodelin,CRO-AP2
Remodelin,MOG-G-UVW
IOX2,BC-1
GSK2110183B,Hs-683
150412,D-247MG
UNC0379,JEKO-1
CHIR-99021,SU-DHL-5
Romidepsin,OCI-LY-19
GNE-317,LNZTA3WT4
UNC0379,JM1
Obatoclax Mesylate,D-247MG
Entospletinib,MOG-G-UVW
123829,SF126
Sepantronium bromide,LNZTA3WT4
630600,D-423MG
TW 37,TUR
Fludarabine,NMC-G1
Dinaciclib,LNZTA3WT4
A-366,D-542MG
UMI-77,NU-DUL-1
GSK269962A,D-263MG
Podophyllotoxin bromide,D-502MG
Vincristine,OCI-LY-19
Fludarabine,JEKO-1
glutathione,SU-DHL-16
POMHEX,KNS-42
Topotecan,CRO-AP2
Bleomycin,KNS-81-FD
CCT-018159,RC-K8
Dihydrorotenone,SF295
BEN,YKG-1
Nelarabine,NU-DUL-1
AZD5991,D-542MG
Tamoxifen,LNZTA3WT4
Dacarbazine,JEKO-1
Tretinoin,A4-Fuk
Topotecan,WSU-DLCL2
AGK2,OCI-LY-19
Schweinfurthin A,SU-DHL-4
Remodelin,DOHH-2
Mycophenolic acid,D-247MG
PF-4708671,SLVL
Bleomycin,JM1
SL0101,WSU-DLCL2
AZD6482,KARPAS-1106P
Obatoclax Mesylate,NMC-G1
Teniposide,RL
Zoledronate,SF126
AZD8055,NU-DUL-1
GSK2801,CTB-1
Dacarbazine,CTB-1
Bromosporine,YKG-1
Tretinoin,RC-K8
Bicalutamide,SU-DHL-8
Obatoclax Mesylate,YKG-1
Tozasertib,VAL
123138,SF295
GSK-LSD1,SF295
Vinblastine,D-542MG
Gallibiscoquinazole,LNZTA3WT4
Topotecan,SF295
776928,KNS-42
Piperlongumine,DB
L-Oxonoreleagnine,MOG-G-CCM
IOX2,GB-1
AZD2014,KNS-42
720427,D-247MG
AZD5153,LNZTA3WT4
L-Oxonoreleagnine,Hs-683
AZD5991,SU-DHL-4
123829,CTB-1
Romidepsin,D-247MG
SL0101,AM-38
IOX2,SF539
Remodelin,DB
123138,no-11
GSK-LSD1,no-11
Gallibiscoquinazole,MOG-G-CCM
IOX2,KS-1
Vinblastine,NU-DUL-1
630600,D-247MG
Dihydrorotenone,CRO-AP2
GSK2830371,DOHH-2
Podophyllotoxin bromide,SU-DHL-16
LY2109761,MOG-G-UVW
Ibrutinib,MOG-G-UVW
UNC0638,SNB75
Ulixertinib,LNZTA3WT4
WZ4003,LNZTA3WT4
123829,SU-DHL-4
KRAS (G12C) Inhibitor-12,LNZTA3WT4
TW 37,NMC-G1
Bicalutamide,TUR
Cisplatin,D-247MG
AZD8055,D-566MG
CHIR-99021,RC-K8
776928,no-10
Teniposide,SU-DHL-16
glutathione,OCI-LY-19
Tozasertib,RC-K8
AZD1332,no-11
SL0101,GI-1
AZD1332,D-566MG
Obatoclax Mesylate,JM1
SB505124,SF268
741909,MC116
Sinularin,SF295
Vincristine,D-502MG
Tretinoin,U251
PRT062607,LNZTA3WT4
PRIMA-1MET,LNZTA3WT4
Bicalutamide,T98G
AZD2014,D-566MG
UMI-77,D-542MG
Obatoclax Mesylate,NU-DUL-1
AZD5991,D-502MG
ICL-SIRT078,DOHH-2
Sinularin,D-336MG
SB505124,SF539
SGC-CBP30,YKG-1
RVX-208,MOG-G-UVW
CCT-018159,D-392MG
IOX2,MOG-G-CCM
150412,SF126
720427,SU-DHL-4
Bicalutamide,KINGS-1
TW 37,SU-DHL-4
POMHEX,SF295
AZD6482,MOG-G-UVW
Piperlongumine,SK-MG-1
ICL-SIRT078,D-247MG
Tozasertib,GAMG
AZD5438,JEKO-1
PLX-4720,WSU-DLCL2
630600,CRO-AP2
POMHEX,no-10
Foretinib,LNZTA3WT4
CCT-018159,DBTRG-05MG
729189,Hs-683
Dacarbazine,Hs-683
Tretinoin,DB
Romidepsin,CRO-AP2
Romidepsin,MOG-G-UVW
50869,Hs-683
CPI-637,D-247MG
IOX2,42-MG-BA
AZD1208,WSU-DLCL2
BX795,JSC-1
Tozasertib,TK
Remodelin,OCI-LY-19
Piperlongumine,8-MG-BA
Cisplatin,OCI-LY-19
AZD2014,no-10
GSK2801,KNS-42
UNC0638,no-10
Sinularin,KNS-81-FD
GSK2110183B,SU-DHL-4
GSK2606414,LNZTA3WT4
Lestaurtinib,RC-K8
WZ4003,WSU-DLCL2
Nelarabine,D-423MG
Gallibiscoquinazole,SNB75
TW 37,AM-38
Acetalax,D-502MG
SL0101,U251
MIM1,D-566MG
SB505124,M059J
Dasatinib,MC116
AZD5582,M059J
OTX015,WSU-DLCL2
GSK2110183B,D-336MG
630600,NU-DUL-1
AZD2014,KNS-81-FD
Bromosporine,RL
ICL-SIRT078,NMC-G1
CHIR-99021,LNZTA3WT4
Lestaurtinib,U-87-MG
UMI-77,SU-DHL-4
AZD5153,D-566MG
Elephantin,D-336MG
776928,KNS-81-FD
alpha-lipoic acid,YKG-1
Mitoxantrone,LNZTA3WT4
Teniposide,CTB-1
ICL-SIRT078,YKG-1
Cytarabine,D-502MG
729189,OCI-LY-19
Bromosporine,OCI-LY-19
CHIR-99021,A3-KAW
CCT-018159,KARPAS-422
Bicalutamide,KALS-1
Podophyllotoxin bromide,NU-DUL-1
UNC0638,D-423MG
ML323,MOG-G-CCM
BX795,LN-18
NVP-ADW742,LNZTA3WT4
AZD5991,SNB75
UNC0379,SF126
MIM1,KNS-81-FD
glutathione,D-502MG
5-azacytidine,no-11
150412,MC116
Dacarbazine,D-502MG
ICL-SIRT078,SU-DHL-4
GSK2801,SF295
GSK2830371,OCI-LY-19
Nelarabine,MOG-G-CCM
50869,D-502MG
SGC-CBP30,OCI-LY-19
BX795,AM-38
720427,SU-DHL-16
A-366,SU-DHL-4
LMP744,MOG-G-CCM
743380,SU-DHL-16
Mycophenolic acid,NU-DUL-1
A-366,D-566MG
Carmustine,D-336MG
CPI-637,OCI-LY-19
765771,SF126
Podophyllotoxin bromide,KNS-81-FD
UNC0379,YKG-1
IOX2,GAMG
alpha-lipoic acid,Farage
BX795,8-MG-BA
AZD1208,SF126
POMHEX,KNS-81-FD
Carmustine,MOG-G-CCM
Remodelin,D-247MG
PFI3,MOG-G-CCM
720427,D-423MG
AZD5153,no-10
Bicalutamide,TK
TW 37,SU-DHL-10
Cisplatin,Hs-683
N-acetyl cysteine,D-542MG
CCT-018159,T98G
Mitoxantrone,D-423MG
GSK269962A,A172
SB505124,YH-13
Elesclomol,A4-Fuk
ICL-SIRT078,JM1
MIM1,SF126
Podophyllotoxin bromide,D-566MG
Dihydrorotenone,no-10
Sorafenib,LNZTA3WT4
Bleomycin,NMC-G1
Gallibiscoquinazole,SU-DHL-4
Bicalutamide,A172
UMI-77,D-247MG
alpha-lipoic acid,KNS-42
Mycophenolic acid,MC116
Schweinfurthin A,JEKO-1
5-azacytidine,YKG-1
GSK2606414,WSU-DLCL2
729189,D-247MG
GSK2830371,D-542MG
CHIR-99021,GI-1
CCT-018159,SF539
SB505124,D-392MG
AZD2014,SF126
PRT062607,MOG-G-UVW
615590,KNS-81-FD
615590,SU-DHL-16
Bromosporine,WSU-DLCL2
Methotrexate,KALS-1
alpha-lipoic acid,no-11
glutathione,no-10
SB505124,SW1088
SB505124,SU-DHL-10
GSK2110183B,NU-DUL-1
Romidepsin,MC116
776928,NU-DUL-1
Bleomycin,MOG-G-UVW
Piperlongumine,42-MG-BA
AZD2014,SNB75
AZD5153,MC116
615590,D-423MG
Elephantin,CTB-1
SL0101,CAS-1
BEN,D-566MG
BEN,SU-DHL-16
Vinblastine,KNS-81-FD
Schweinfurthin A,KNS-81-FD
Cisplatin,DOHH-2
150412,D-502MG
Elesclomol,WSU-DLCL2
AZD1208,JEKO-1
Vinorelbine,CAS-1
BX795,M059J
50869,MC116
Mycophenolic acid,NMC-G1
Motesanib,RC-K8
SL0101,SLVL
BX795,KINGS-1
BEN,D-423MG
Piperlongumine,SF539
743380,OCI-LY-19
AZD1332,LNZTA3WT4
PCI-34051,MOG-G-UVW
AZD6482,U-118-MG
BX795,SU-DHL-6
50869,no-11
Piperlongumine,KALS-1
Elesclomol,JSC-1
AZD1332,D-247MG
AZD5991,SU-DHL-16
L-Oxonoreleagnine,SU-DHL-16
Schweinfurthin A,NU-DUL-1
Elephantin,Hs-683
667880,CTB-1
Obatoclax Mesylate,SU-DHL-16
Carmustine,CTB-1
JNK Inhibitor VIII,MC116
Daporinad,SU-DHL-5
Acetalax,D-336MG
AZD1208,no-10
UMI-77,LNZTA3WT4
ML323,MOG-G-UVW
SB505124,KARPAS-422
BX795,DB
SGC-CBP30,NMC-G1
729189,KNS-81-FD
BEN,no-10
MIM1,SU-DHL-4
Elephantin,KNS-42
AZD5582,MOG-G-UVW
SB505124,LNZTA3WT4
UNC0379,SNB75
Daporinad,CAS-1
AZD5153,no-11
SB505124,A3-KAW
AZD5991,SF126
YK-4-279,LNZTA3WT4
Topotecan,SF126
TW 37,SU-DHL-8
Tozasertib,BC-1
667880,CRO-AP2
729189,D-423MG
AZD8055,D-336MG
Vismodegib,U-87-MG
Vincristine,RL
Bleomycin,D-247MG
CHIR-99021,U-87-MG
A-366,SF126
Elephantin,SNB75
AZD4547,LNZTA3WT4
AZD5991,YKG-1
Gallibiscoquinazole,SF126
GSK269962A,LN-229
776928,D-336MG
Zoledronate,D-247MG
667880,D-502MG
Piperlongumine,LN-229
AZD2014,D-336MG
743380,D-247MG
Tozasertib,A172
GSK269962A,RC-K8
GSK2830371,no-10
BX795,VAL
PF-4708671,CAS-1
PF-4708671,A4-Fuk
Topotecan,MOG-G-CCM
PF-4708671,TK
123138,no-10
GSK-LSD1,no-10
Zoledronate,D-336MG
BX795,SU-DHL-8
SL0101,8-MG-BA
GSK269962A,SU-DHL-8
glutathione,Hs-683
50869,NU-DUL-1
CPI-637,Farage
667880,NU-DUL-1
615590,SF126
729189,D-566MG
GNE-317,GI-1
Vincristine,SU-DHL-4
IOX2,MOG-G-UVW
PFI3,MOG-G-UVW
LMP744,NU-DUL-1
SL0101,KINGS-1
CCT-018159,KS-1
Vinblastine,SNB75
PF-4708671,SU-DHL-5
RVX-208,MOG-G-CCM
Buparlisib,LNZTA3WT4
150412,D-542MG
741909,RL
glutathione,KNS-42
GSK2801,WSU-DLCL2
Pevonedistat,LNZTA3WT4
L-Oxonoreleagnine,KNS-81-FD
VE-822,LNZTA3WT4
Dihydrorotenone,OCI-LY-19
Alisertib,Farage
GSK269962A,GB-1
POMHEX,Farage
123829,D-566MG
AZD5991,RL
Tretinoin,TK
AZD6482,GI-1
Acetalax,NU-DUL-1
Cisplatin,D-336MG
743380,CRO-AP2
Bicalutamide,WSU-DLCL2
Fludarabine,WSU-DLCL2
alpha-lipoic acid,Hs-683
LMP744,MC116
Daporinad,SU-DHL-10
AZD6482,VAL
Tretinoin,A172
Remodelin,MC116
N-acetyl cysteine,MC116
GSK269962A,MOG-G-UVW
667880,MOG-G-CCM
A-366,NMC-G1
Zoledronate,OCI-LY-19
630600,YKG-1
150412,CTB-1
BEN,no-11
Vincristine,WSU-DLCL2
IOX2,SLVL
5-azacytidine,D-423MG
SGC-CBP30,SF295
Elephantin,SF126
ICL-SIRT078,SU-DHL-16
Picolinici-acid,MOG-G-CCM
Podophyllotoxin bromide,D-542MG
Romidepsin,JEKO-1
Elesclomol,SU-DHL-8
SB505124,42-MG-BA
Mitoxantrone,MOG-G-CCM
Cytarabine,D-336MG
Sinularin,RL
XAV939,WSU-DLCL2
UNC0379,OCI-LY-19
615590,LNZTA3WT4
BX795,T98G
L-Oxonoreleagnine,MOG-G-UVW
CHIR-99021,MOG-G-CCM
630600,D-542MG
ICL-SIRT078,D-423MG
SL0101,Becker
Acetalax,D-247MG
SGC-CBP30,SF126
GSK269962A,DB
AZD2014,CTB-1
UMI-77,Farage
Fludarabine,MOG-G-CCM
741909,JM1
EPZ004777,LNZTA3WT4
SB505124,SK-MG-1
Podophyllotoxin bromide,SU-DHL-4
Romidepsin,D-542MG
CCT-018159,MOG-G-UVW
TW 37,D-542MG
MIM1,NMC-G1
Elephantin,NMC-G1
741909,no-10
Niraparib,MOG-G-UVW
Leflunomide,MOG-G-UVW
AZD7762,LNZTA3WT4
LMP744,no-10
BEN,LNZTA3WT4
Dacarbazine,KNS-42
741909,CRO-AP2
765771,MOG-G-UVW
Obatoclax Mesylate,SU-DHL-5
SL0101,A4-Fuk
Mycophenolic acid,D-423MG
GSK2110183B,D-247MG
PF-4708671,DB
Mycophenolic acid,CTB-1
Zoledronate,SF295
SGC-CBP30,Hs-683
CCT-018159,SU-DHL-5
GSK2110183B,KNS-42
AZD6482,U251
Nelarabine,SF295
SL0101,BC-1
GSK2801,MOG-G-CCM
Schweinfurthin A,D-502MG
Dacarbazine,D-247MG
SGC-CBP30,MOG-G-CCM
Dacarbazine,RL
50869,D-247MG
729189,NU-DUL-1
Bleomycin,RL
Ipatasertib,LNZTA3WT4
AZD6482,KINGS-1
743380,D-566MG
IOX2,Becker
123829,JEKO-1
L-Oxonoreleagnine,LNZTA3WT4
CHIR-99021,DB
720427,OCI-LY-19
50869,CRO-AP2
AZD1208,CTB-1
Vincristine,JM1
SL0101,LN-405
Dacarbazine,CRO-AP2
741909,KNS-42
Fludarabine,RL
Vinblastine,NMC-G1
Teniposide,no-10
Vinblastine,D-423MG
MN-64,WSU-DLCL2
ZM447439,RC-K8
UMI-77,SU-DHL-16
UNC0379,D-336MG
AZD1332,MC116
615590,MOG-G-CCM
SGC-CBP30,CTB-1
Obatoclax Mesylate,D-542MG
123829,D-542MG
630600,OCI-LY-19
PF-4708671,GRANTA-519
Carmustine,D-542MG
765771,LNZTA3WT4
Remodelin,NU-DUL-1
SB505124,KS-1
BMS-345541,MOG-G-CCM
AZD5438,D-423MG
CCT-018159,AM-38
PLX-4720,LNZTA3WT4
Acetalax,CRO-AP2
Topotecan,SU-DHL-4
729189,no-11
Dihydrorotenone,YKG-1
AZD1208,LNZTA3WT4
GSK2110183B,OCI-LY-19
PF-4708671,GI-1
CCT-018159,DB
776928,Hs-683
PF-4708671,SU-DHL-10
PF-4708671,SW1088
Cytarabine,CTB-1
Bicalutamide,U251
Gallibiscoquinazole,NMC-G1
123138,JEKO-1
GSK-LSD1,JEKO-1
Podophyllotoxin bromide,D-247MG
MIM1,DOHH-2
Vincristine,MOG-G-CCM
741909,SF126
SL0101,KALS-1
615590,JM1
GSK269962A,8-MG-BA
Acetalax,JM1
CHIR-99021,DK-MG
Elephantin,JEKO-1
Vinblastine,SF295
PF-4708671,H4
UNC0379,MC116
123138,D-542MG
GSK-LSD1,D-542MG
615590,D-566MG
720427,Hs-683
GSK-LSD1,NU-DUL-1
123138,NU-DUL-1
Tozasertib,DK-MG
Mycophenolic acid,D-336MG
ICL-SIRT078,OCI-LY-19
729189,LNZTA3WT4
Ruxolitinib,WSU-DLCL2
I-BET-762,MOG-G-UVW
IOX2,GRANTA-519
Erlotinib,LNZTA3WT4
765771,SNB75
Carmustine,MC116
743380,MOG-G-CCM
AZD5153,D-336MG
AZD5991,CRO-AP2
123829,CRO-AP2
SB505124,DBTRG-05MG
667880,JM1
GSK2830371,KNS-81-FD
50869,JM1
743380,KNS-42
GSK2801,D-566MG
TW 37,A3-KAW
Remodelin,NMC-G1
Dinaciclib,WSU-DLCL2
CCT-018159,SK-MG-1
Daporinad,GRANTA-519
Tozasertib,M059J
Acetalax,NMC-G1
L-Oxonoreleagnine,SNB75
743380,D-542MG
Remodelin,JEKO-1
Tozasertib,KARPAS-1106P
GSK269962A,TUR
CPI-637,YKG-1
776928,no-11
OF-1,LNZTA3WT4
Piperlongumine,DBTRG-05MG
Acetalax,YKG-1
CHIR-99021,SCC-3
AZD5438,RL
Elesclomol,AM-38
Topotecan,SU-DHL-16
Gallibiscoquinazole,OCI-LY-19
Acetalax,MOG-G-CCM
Tretinoin,MOG-G-UVW
GSK269962A,42-MG-BA
Zoledronate,no-11
Fludarabine,D-566MG
Remodelin,D-542MG
IOX2,DB
Mitoxantrone,SU-DHL-4
EHT-1864,U-87-MG
PF-4708671,U-87-MG
glutathione,MC116
CCT-018159,SU-DHL-6
Dihydrorotenone,D-502MG
Tretinoin,KALS-1
GSK269962A,U-87-MG
123829,NU-DUL-1
Luminespib,LNZTA3WT4
PF-4708671,GB-1
BEN,SNB75
BX795,A3-KAW
AZD8055,NMC-G1
Carmustine,no-10
Podophyllotoxin bromide,SF295
Entospletinib,WSU-DLCL2
Fludarabine,D-423MG
AZD1208,SNB75
50869,YKG-1
CHIR-99021,SK-MG-1
ICL-SIRT078,Hs-683
50869,MOG-G-CCM
CCT-018159,8-MG-BA
IOX2,SU-DHL-8
TW 37,CRO-AP2
Gallibiscoquinazole,JEKO-1
Dacarbazine,D-423MG
Bleomycin,WSU-DLCL2
AZD1332,KNS-42
AZD5582,D-566MG
Cisplatin,SU-DHL-16
IOX2,DK-MG
CHIR-99021,42-MG-BA
Serdemetan,RC-K8
5-azacytidine,JM1
Daporinad,GB-1
Dihydrorotenone,SF126
Remodelin,CTB-1
LMP744,JM1
Serdemetan,U-87-MG
AZD5438,YKG-1
Gallibiscoquinazole,D-542MG
LGK974,LNZTA3WT4
123829,MOG-G-CCM
CHIR-99021,DBTRG-05MG
Piperlongumine,SCC-3
Mitoxantrone,no-10
Bromosporine,NMC-G1
Romidepsin,NU-DUL-1
Bicalutamide,KARPAS-1106P
Tozasertib,DBTRG-05MG
SL0101,KARPAS-422
BEN,D-336MG
BEN,MC116
CCT-018159,M059J
GSK343,LNZTA3WT4
Refametinib,RC-K8
CCT-018159,KARPAS-1106P
GSK2801,RL
Sinularin,D-423MG
Topotecan,D-502MG
Dinaciclib,JSC-1
CCT-018159,TK
729189,CTB-1
TW 37,8-MG-BA
Refametinib,U-87-MG
GSK269962A,KS-1
Schweinfurthin A,CTB-1
SL0101,GAMG
AZD1332,MOG-G-UVW
Cytarabine,no-11
Elesclomol,Becker
TW 37,JM1
LMP744,RL
Zoledronate,KNS-81-FD
AZD8055,no-10
Cisplatin,NMC-G1
BX795,SW1088
BX795,SU-DHL-10
5-azacytidine,RL
123829,NMC-G1
Ibrutinib,LNZTA3WT4
SB590885,U-87-MG
SL0101,YH-13
Picolinici-acid,WSU-DLCL2
GSK2830371,D-423MG
glutathione,D-336MG
GSK2110183B,RL
Remodelin,T98G
Dactinomycin,LNZTA3WT4
Bleomycin,Hs-683
AZD5991,MC116
UNC0638,SF126
Piperlongumine,GAMG
Zoledronate,MOG-G-CCM
IOX2,RC-K8
Tozasertib,D-263MG
Elephantin,JM1
LY2109761,WSU-DLCL2
CHIR-99021,D-263MG
BX795,CAS-1
GSK269962A,TK
CHIR-99021,KS-1
Carmustine,LNZTA3WT4
AZD1208,SU-DHL-16
IOX2,H4
Remodelin,KNS-42
Sinularin,LNZTA3WT4
Bicalutamide,SU-DHL-6
Tretinoin,SLVL
Tretinoin,KARPAS-422
Piperlongumine,WSU-DLCL2
PF-4708671,SK-MG-1
Fludarabine,OCI-LY-19
AZD6482,KALS-1
SB505124,CAS-1
150412,NU-DUL-1
AZD6738,LNZTA3WT4
Romidepsin,NMC-G1
GSK269962A,U-118-MG
POMHEX,DOHH-2
Mycophenolic acid,Hs-683
Cediranib,LNZTA3WT4
L-Oxonoreleagnine,JEKO-1
630600,NMC-G1
Bicalutamide,LN-405
Bicalutamide,SK-MG-1
IOX2,TK
667880,SF295
CHIR-99021,TK
UNC0638,SF295
PFI3,WSU-DLCL2
741909,YKG-1
GSK2830371,SF126
Podophyllotoxin bromide,NMC-G1
AZD5153,SF126
LMP744,YKG-1
IWP-2,WSU-DLCL2
Cisplatin,NU-DUL-1
729189,SF295
N-acetyl cysteine,YKG-1
Gallibiscoquinazole,no-10
Vinblastine,CRO-AP2
AZD6482,A4-Fuk
Bleomycin,JEKO-1
Vincristine,CTB-1
PF-4708671,LN-405
729189,D-336MG
Vincristine,D-423MG
Sinularin,SF126
ICL-SIRT078,GI-1
LMP744,SU-DHL-4
Schweinfurthin A,D-336MG
Bromosporine,D-502MG
CCT-018159,VAL
123138,KNS-81-FD
GSK2801,D-247MG
GSK-LSD1,KNS-81-FD
630600,KNS-81-FD
667880,SU-DHL-16
630600,JM1
TW 37,YKG-1
729189,RL
Bicalutamide,MOG-G-UVW
BX795,A172
Fludarabine,MOG-G-UVW
776928,CRO-AP2
743380,CTB-1
Vincristine,SU-DHL-16
Podophyllotoxin bromide,MOG-G-UVW
UNC0638,KNS-42
GSK269962A,WSU-DLCL2
SL0101,42-MG-BA
BEN,Hs-683
BMS-345541,OCI-LY-19
Mitoxantrone,MOG-G-UVW
Zoledronate,SNB75
GSK2801,NMC-G1
AZD2014,SU-DHL-4
CCT-018159,H4
Fludarabine,LNZTA3WT4
667880,D-423MG
Romidepsin,CTB-1
Bromosporine,KNS-42
Topotecan,D-542MG
Mycophenolic acid,no-11
Sinularin,WSU-DLCL2
AZD8055,D-502MG
Mycophenolic acid,D-566MG
Tretinoin,A3-KAW
AZD6482,DBTRG-05MG
SL0101,DK-MG
ICL-SIRT078,KNS-42
123829,RL
PF-4708671,D-263MG
BX795,GI-1
630600,CTB-1
UNC0379,SU-DHL-4
GSK269962A,AM-38
Teniposide,KNS-81-FD
Bleomycin,SF295
Veliparib,U-87-MG
glutathione,U-87-MG
GSK2110183B,YKG-1
Bicalutamide,AM-38
IOX2,DBTRG-05MG
Schweinfurthin A,CRO-AP2
IOX2,SCC-3
CPI-637,CRO-AP2
BEN,RL
150412,D-423MG
ICL-SIRT078,MC116
150412,SF295
Vincristine,NMC-G1
N-acetyl cysteine,D-502MG
741909,D-502MG
SL0101,JSC-1
GSK2801,SU-DHL-16
Piperlongumine,KS-1
UNC0638,SU-DHL-4
Teniposide,LNZTA3WT4
Tretinoin,KARPAS-1106P
OTX015,MOG-G-CCM
EPZ5676,MC116
Tozasertib,D-392MG
Acetalax,SU-DHL-16
CHIR-99021,GRANTA-519
CHIR-99021,D-392MG
Zoledronate,D-566MG
765771,KNS-42
PF-4708671,SCC-3
IOX2,LN-18
Nelarabine,D-566MG
Rucaparib,RC-K8
GSK269962A,SCC-3
Zoledronate,JM1
Elephantin,WSU-DLCL2
PF-4708671,GAMG
SL0101,A3-KAW
SL0101,KS-1
GSK2801,SNB75
UMI-77,SF126
5-azacytidine,D-542MG
123138,SNB75
GSK-LSD1,SNB75
Romidepsin,KNS-42
SGC-CBP30,D-542MG
Podophyllotoxin bromide,D-423MG
765771,no-11
Cisplatin,CRO-AP2
50869,SU-DHL-16
CZC24832,MOG-G-CCM
Gallibiscoquinazole,JM1
630600,SF126
720427,KNS-42
Cytarabine,D-542MG
743380,D-336MG
Acetalax,OCI-LY-19
AZD2014,D-247MG
AZD5153,MOG-G-CCM
AZD5438,D-502MG
SB505124,U-87-MG
743380,D-502MG
AZD5153,Hs-683
Mitoxantrone,RL
Topotecan,OCI-LY-19
GSK2606414,A3-KAW
Romidepsin,Hs-683
UNC0379,D-566MG
667880,D-336MG
IOX2,SU-DHL-5
Tozasertib,TUR
AZD6482,DB
Cisplatin,D-566MG
Cytarabine,JEKO-1
720427,RL
TW 37,D-423MG
630600,Hs-683
Cytarabine,SF126
NU7441,U-87-MG
AZD5438,NU-DUL-1
Elesclomol,8-MG-BA
Nelarabine,no-10
Piperlongumine,U-87-MG
GSK2801,SF126
GSK269962A,SU-DHL-6
UNC0379,no-10
SB505124,Becker
Dacarbazine,OCI-LY-19
Mycophenolic acid,D-542MG
5-azacytidine,KNS-42
50869,OCI-LY-19
720427,CRO-AP2
UMI-77,MC116
615590,YKG-1
AZD5582,MOG-G-CCM
UMI-77,D-336MG
GSK269962A,U251
TW 37,JSC-1
IOX2,CAS-1
CHIR-99021,KARPAS-422
CHIR-99021,VAL
AZD1208,JM1
AZD1208,NU-DUL-1
UMI-77,SF295
Elesclomol,YH-13
765771,D-542MG
720427,SF126
Rapamycin,CRO-AP2
Dacarbazine,YKG-1
SB505124,H4
Piperlongumine,SU-DHL-5
Dihydrorotenone,MOG-G-CCM
Piperlongumine,Becker
UNC0638,NMC-G1
Dihydrorotenone,WSU-DLCL2
glutathione,no-11
776928,OCI-LY-19
CHIR-99021,Becker
CCT-018159,LN-18
Elesclomol,U-118-MG
alpha-lipoic acid,D-542MG
630600,SF295
Bicalutamide,GAMG
AZD5438,SU-DHL-4
Vinblastine,D-566MG
Bromosporine,D-423MG
150412,KNS-42
Gallibiscoquinazole,WSU-DLCL2
GSK2830371,NMC-G1
BEN,NMC-G1
AZD5438,no-10
Nelarabine,RL
Carmustine,D-423MG
667880,OCI-LY-19
Acetalax,D-566MG
Remodelin,YH-13
Carmustine,SF295
Topotecan,D-247MG
Daporinad,SF268
AZD1332,MOG-G-CCM
BX795,WSU-DLCL2
Bicalutamide,LN-18
Zoledronate,D-542MG
PF-4708671,U251
Gallibiscoquinazole,NU-DUL-1
UNC0638,JM1
AZ960,MOG-G-UVW
667880,KNS-81-FD
GSK269962A,KARPAS-1106P
729189,no-10
Zoledronate,LNZTA3WT4
Topotecan,KNS-42
776928,SF295
Piperlongumine,U-118-MG
RVX-208,LNZTA3WT4
630600,SU-DHL-16
I-BRD9,LNZTA3WT4
GSK-LSD1,SU-DHL-16
123138,SU-DHL-16
PF-4708671,SF268
Gallibiscoquinazole,KNS-81-FD
Daporinad,U-118-MG
Remodelin,WSU-DLCL2
Elesclomol,SW1088
Elesclomol,SU-DHL-10
Carmustine,CRO-AP2
L-Oxonoreleagnine,OCI-LY-19
A-366,CRO-AP2
Acetalax,WSU-DLCL2
Tozasertib,SU-DHL-5
AZD6482,8-MG-BA
Elephantin,SU-DHL-16
Gallibiscoquinazole,Hs-683
Tretinoin,AM-38
123138,D-423MG
GSK-LSD1,D-423MG
ICL-SIRT078,SF126
Vincristine,MC116
AZD6482,TK
AZD8055,KNS-81-FD
Obatoclax Mesylate,SF295
Sinularin,YKG-1
BX795,H4
PF-4708671,KALS-1
Schweinfurthin A,no-11
AZD5153,SNB75
CPI-637,SF295
667880,Hs-683
Bleomycin,MC116
Foretinib,GI-1
Bleomycin,LNZTA3WT4
Topotecan,KNS-81-FD
Vinblastine,JEKO-1
Mitoxantrone,CRO-AP2
Nelarabine,D-502MG
LCL161,WSU-DLCL2
Wee1 Inhibitor,LNZTA3WT4
GSK2110183B,LNZTA3WT4
GSK269962A,SLVL
Tozasertib,42-MG-BA
Nelarabine,MOG-G-UVW
AZD6482,TUR
GSK2578215A,LNZTA3WT4
Obatoclax Mesylate,CTB-1
GSK2830371,JEKO-1
SL0101,MOG-G-UVW
AZD2014,WSU-DLCL2
Remodelin,Hs-683
Tretinoin,SCC-3
AZD5991,no-10
Zoledronate,WSU-DLCL2
AZD5153,JEKO-1
GSK-LSD1,D-502MG
TW 37,A172
123138,D-502MG
alpha-lipoic acid,NU-DUL-1
L-Oxonoreleagnine,D-247MG
AZD6482,U-87-MG
615590,D-247MG
743380,Hs-683
BEN,D-502MG
BMS-754807,U-87-MG
AZD5153,D-542MG
L-Oxonoreleagnine,WSU-DLCL2
Teniposide,SU-DHL-4
765771,NU-DUL-1
Bleomycin,no-10
Cytarabine,MC116
Elesclomol,SF539
IOX2,U-87-MG
CHIR-99021,SLVL
Teniposide,D-423MG
GSK2801,D-336MG
SL0101,DB
Schweinfurthin A,LNZTA3WT4
Tretinoin,SF268
765771,D-247MG
CCT-018159,SW1088
CCT-018159,SU-DHL-10
GSK2830371,D-566MG
Gallibiscoquinazole,SU-DHL-16
Tozasertib,SLVL
AZD6482,Becker
BMS-345541,WSU-DLCL2
5-azacytidine,Hs-683
AMG-319,SU-DHL-6
765771,WSU-DLCL2
UNC0379,CTB-1
BX795,DBTRG-05MG
123829,WSU-DLCL2
Obatoclax Mesylate,D-502MG
AZD5991,NU-DUL-1
SL0101,SU-DHL-6
SGC-CBP30,D-336MG
A-366,SU-DHL-16
5-azacytidine,KNS-81-FD
Gallibiscoquinazole,D-423MG
Daporinad,LN-229
Elesclomol,RC-K8
ABT737,LNZTA3WT4
MN-64,MOG-G-CCM
Nelarabine,D-336MG
MIM1,CRO-AP2
Carmustine,NU-DUL-1
SL0101,DBTRG-05MG
741909,KNS-81-FD
AZD6482,DK-MG
741909,MOG-G-CCM
N-acetyl cysteine,D-247MG
IOX2,D-263MG
Tretinoin,GAMG
AZD1332,SU-DHL-4
5-azacytidine,NU-DUL-1
720427,KNS-81-FD
AZD1208,KNS-81-FD
CCT-018159,LNZTA3WT4
TW 37,MC116
Obatoclax Mesylate,SF126
Tozasertib,SF268
MIM1,SU-DHL-16
IWP-2,MOG-G-UVW
CCT-018159,A3-KAW
SB505124,SCC-3
Schweinfurthin A,OCI-LY-19
667880,no-11
741909,CTB-1
615590,MOG-G-UVW
667880,D-566MG
UNC0638,D-566MG
Elephantin,NU-DUL-1
PF-4708671,D-392MG
Romidepsin,WSU-DLCL2
Carmustine,Hs-683
SL0101,GB-1
765771,KNS-81-FD
123829,Hs-683
MIM1,D-423MG
IOX2,T98G
630600,WSU-DLCL2
Elephantin,no-11
Bicalutamide,SLVL
SB505124,U-118-MG
AZD1332,RL
UMI-77,no-11
Romidepsin,D-502MG
TW 37,NU-DUL-1
BEN,SF126
SGC-CBP30,MOG-G-UVW
Bromosporine,JM1
Tozasertib,8-MG-BA
AZD5153,D-502MG
Podophyllotoxin bromide,WSU-DLCL2
630600,D-502MG
GSK2110183B,MC116
UNC0638,SU-DHL-16
Daporinad,U251
WZ4003,MOG-G-UVW
GSK2110183B,SF295
ICL-SIRT078,CTB-1
UNC0379,SU-DHL-16
Leflunomide,MOG-G-CCM
Sinularin,MOG-G-UVW
EPZ5676,LNZTA3WT4
PF-4708671,8-MG-BA
glutathione,D-566MG
150412,JEKO-1
AZD5991,MOG-G-UVW
SL0101,SU-DHL-5
Carmustine,no-11
glutathione,JM1
Fludarabine,NU-DUL-1
A-366,no-10
123829,OCI-LY-19
Topotecan,NU-DUL-1
UMI-77,RL
Vincristine,D-247MG
GSK2110183B,CTB-1
SL0101,H4
MIM1,D-502MG
Elesclomol,KARPAS-422
Bromosporine,KNS-81-FD
SB505124,WSU-DLCL2
GSK269962A,SF268
TW 37,SF295
MIM1,CTB-1
Sinularin,NMC-G1
SGC-CBP30,KNS-81-FD
Bleomycin,SU-DHL-16
Dihydrorotenone,RL
SL0101,LN-18
Podophyllotoxin bromide,Hs-683
Tozasertib,MOG-G-CCM
Elesclomol,GAMG
Mycophenolic acid,SF126
Cisplatin,SF126
Nilotinib,LNZTA3WT4
Obatoclax Mesylate,no-10
ICL-SIRT078,D-502MG
Acetalax,KNS-42
Mitoxantrone,SF295
667880,JEKO-1
AZD5153,RL
CCT-018159,CAS-1
Teniposide,NU-DUL-1
Elesclomol,T98G
UMI-77,Hs-683
CHIR-99021,KALS-1
Bicalutamide,A3-KAW
Tozasertib,KINGS-1
SL0101,U-87-MG
667880,D-542MG
AZD2014,JEKO-1
GSK-LSD1,NMC-G1
123138,NMC-G1
Tozasertib,AM-38
Acetalax,MC116
Tretinoin,DK-MG
GSK2801,CRO-AP2
Acetalax,SU-DHL-4
GSK2830371,CRO-AP2
123138,CRO-AP2
GSK-LSD1,CRO-AP2
Bromosporine,MOG-G-UVW
Fludarabine,no-10
615590,MC116
Tozasertib,DB
Mycophenolic acid,SU-DHL-16
Gallibiscoquinazole,D-502MG
AZD2014,NU-DUL-1
UMI-77,no-10
CHIR-99021,T98G
150412,Hs-683
CHIR-99021,LN-18
Dacarbazine,MC116
Cytarabine,D-247MG
50869,D-336MG
Teniposide,JEKO-1
Vinblastine,SU-DHL-4
AZD1332,NMC-G1
Remodelin,D-392MG
Dihydrorotenone,D-423MG
Elesclomol,MOG-G-UVW
Nelarabine,CRO-AP2
Mitoxantrone,D-502MG
50869,SU-DHL-4
Vinblastine,MC116
GSK-LSD1,JM1
UNC0379,SF295
Bicalutamide,LN-229
123138,JM1
Alisertib,JM1
glutathione,D-542MG
BEN,MOG-G-CCM
50869,KNS-81-FD
PF-4708671,BC-1
GSK2830371,JM1
glutathione,D-247MG
SGC-CBP30,JM1
50869,SF126
743380,SNB75
Bicalutamide,SW1088
Bicalutamide,SU-DHL-10
Ruxolitinib,MOG-G-CCM
Dihydrorotenone,SU-DHL-16
Acetalax,JEKO-1
SGC-CBP30,no-10
UMI-77,D-423MG
CHIR-99021,TUR
A-366,JM1
SB505124,JSC-1
776928,SU-DHL-4
Tretinoin,U-87-MG
Remodelin,GI-1
Daporinad,8-MG-BA
Zoledronate,Hs-683
AZD5438,MC116
PF-4708671,MOG-G-UVW
GSK269962A,T98G
XAV939,MOG-G-CCM
AZD6482,SCC-3
Remodelin,D-502MG
UMI-77,D-566MG
Sinularin,no-10
AZD5438,SU-DHL-16
AZD8055,no-11
CPI-637,SU-DHL-4
Dacarbazine,SF295
729189,SU-DHL-16
POMHEX,CTB-1
741909,NU-DUL-1
Piperlongumine,AM-38
Piperlongumine,JSC-1
IOX2,8-MG-BA
Acetalax,SF126
CHIR-99021,JSC-1
Zoledronate,KNS-42
UNC0379,CRO-AP2
IOX2,A3-KAW
BMS-754807,RC-K8
PRIMA-1MET,MOG-G-CCM
AZD1332,SU-DHL-16
Obatoclax Mesylate,SU-DHL-4
Tozasertib,H4
50869,JEKO-1
729189,MC116
AZD6482,GB-1
Tozasertib,Becker
AZD6482,SLVL
Bleomycin,D-336MG
N-acetyl cysteine,Farage
AZD2014,YKG-1
SB505124,U251
729189,CRO-AP2
AZD2014,no-11
N-acetyl cysteine,RL
I-BET-762,LNZTA3WT4
729189,MOG-G-UVW
AZD1332,D-423MG
123829,KNS-81-FD
765771,Hs-683
Dihydrorotenone,NMC-G1
Cytarabine,OCI-LY-19
SL0101,D-392MG
AZD1332,CTB-1
Acetalax,SF295
50869,MOG-G-UVW
Carmustine,D-566MG
Tozasertib,SU-DHL-6
Remodelin,A4-Fuk
Remodelin,KARPAS-422
BX795,SF268
Bromosporine,no-11
GSK2110183B,JEKO-1
GSK2830371,RC-K8
SL0101,TUR
N-acetyl cysteine,SNB75
BX795,LNZTA3WT4
Elesclomol,DBTRG-05MG
BEN,D-247MG
UNC0638,D-502MG
Podophyllotoxin bromide,SF126
AZD5153,NMC-G1
Elephantin,D-542MG
123829,no-10
SB505124,DB
CHIR-99021,LN-229
BEN,WSU-DLCL2
GNE-317,DB
GSK2110183B,D-542MG
alpha-lipoic acid,RL
AZD6482,SU-DHL-5
IOX2,A4-Fuk
AZD8055,CTB-1
GSK2801,NU-DUL-1
POMHEX,no-11
Bleomycin,YKG-1
GSK2830371,NU-DUL-1
RVX-208,WSU-DLCL2
Acetalax,MOG-G-UVW
Romidepsin,SF126
765771,RL
CHIR-99021,YH-13
720427,JM1
Piperlongumine,YH-13
PF-4708671,KINGS-1
Cytarabine,Hs-683
720427,JEKO-1
AZD6482,H4
SGC-CBP30,SNB75
PF-4708671,SU-DHL-6
CCT-018159,U-87-MG
667880,SF126
743380,JEKO-1
GSK2830371,D-247MG
AZD6482,BC-1
AZ960,LNZTA3WT4
AZD2014,JM1
IOX2,SU-DHL-10
IOX2,SW1088
AZD1332,D-502MG
Obatoclax Mesylate,no-11
Podophyllotoxin bromide,KNS-42
Gallibiscoquinazole,RL
Zoledronate,CTB-1
Cytarabine,KNS-42
Tretinoin,D-392MG
720427,D-542MG
Fludarabine,KNS-42
PF-4708671,Becker
615590,SNB75
GSK-LSD1,Hs-683
123138,Hs-683
AZD1208,OCI-LY-19
720427,CTB-1
CPI-637,RL
Elesclomol,KS-1
GSK2830371,Hs-683
AZ960,MOG-G-CCM
CCT-018159,Becker
Dihydrorotenone,NU-DUL-1
N-acetyl cysteine,D-336MG
Schweinfurthin A,MOG-G-CCM
Elephantin,MC116
CCT-018159,YH-13
Cytarabine,YKG-1
Nelarabine,KNS-81-FD
Podophyllotoxin bromide,SNB75
MIM1,OCI-LY-19
Bicalutamide,SU-DHL-5
743380,KNS-81-FD
AZD5438,MOG-G-UVW
630600,JEKO-1
AZD5438,CRO-AP2
Vincristine,MOG-G-UVW
Mycophenolic acid,DOHH-2
GSK269962A,GAMG
SB505124,MOG-G-CCM
Cisplatin,D-502MG
615590,JEKO-1
GSK2830371,YKG-1
Cisplatin,CTB-1
Remodelin,no-11
CCT-018159,A4-Fuk
741909,D-566MG
TW 37,no-11
glutathione,RC-K8
Veliparib,RC-K8
GSK-LSD1,YKG-1
123138,YKG-1
SL0101,M059J
AZD2014,MOG-G-CCM
AZD5153,D-247MG
Fludarabine,CTB-1
CCT-018159,SU-DHL-8
GSK2801,KNS-81-FD
Obatoclax Mesylate,KNS-81-FD
BEN,JM1
Lenalidomide,RC-K8
AZD2014,NMC-G1
615590,D-542MG
BEN,JEKO-1
SB505124,8-MG-BA
Cisplatin,RL
776928,RL
IOX2,A172
BMS-345541,MOG-G-UVW
Zoledronate,NMC-G1
Topotecan,Hs-683
Irinotecan,LNZTA3WT4
Schweinfurthin A,JM1
BEN,D-542MG
Vincristine,KNS-42
BMS-345541,LNZTA3WT4
Sinularin,SU-DHL-16
Tretinoin,SW1088
Tretinoin,SU-DHL-10
Elesclomol,U-87-MG
AZD8055,RL
L-Oxonoreleagnine,NMC-G1
Vinblastine,SU-DHL-16
Daporinad,A172
Mitoxantrone,KNS-81-FD
AZD5991,JEKO-1
Dactolisib,LNZTA3WT4
CHIR-99021,LN-405
667880,no-10
IOX2,M059J
741909,WSU-DLCL2
TW 37,no-10
AZD1208,YKG-1
50869,SNB75
Obatoclax Mesylate,JEKO-1
TW 37,CAS-1
720427,LNZTA3WT4
Dacarbazine,SNB75
Gallibiscoquinazole,D-566MG
CPI-637,D-502MG
SL0101,SCC-3
GSK2830371,SU-DHL-16
SB505124,GRANTA-519
SGC-CBP30,SU-DHL-16
743380,LNZTA3WT4
AZD1332,OCI-LY-19
Tretinoin,SU-DHL-8
AZD6482,LNZTA3WT4
123138,RL
GSK-LSD1,RL
765771,NMC-G1
AGK2,no-11
Topotecan,RL
AZD6482,SF268
GSK2110183B,SNB75
Tanespimycin,RC-K8
Romidepsin,MOG-G-CCM
Remodelin,VAL
SB505124,GB-1
Dihydrorotenone,SU-DHL-4
TW 37,Hs-683
PRT062607,WSU-DLCL2
Mitoxantrone,SF126
Topotecan,SNB75
Bicalutamide,SF268
BX795,SLVL
Acetalax,SNB75
BI-2536,RC-K8
729189,D-542MG
GDC0810,LNZTA3WT4
Tozasertib,KARPAS-422
Remodelin,SU-DHL-6
AZD8055,OCI-LY-19
AZD6482,LN-18
Tozasertib,A4-Fuk
ICL-SIRT078,no-11
Dihydrorotenone,CTB-1
Remodelin,SF126
CCT-018159,LN-405
Teniposide,D-247MG
776928,D-502MG
Piperlongumine,RC-K8
Rapamycin,Farage
SL0101,SW1088
SL0101,SU-DHL-10
AGI-5198,LNZTA3WT4
Bromosporine,CRO-AP2
Cytarabine,NMC-G1
765771,SU-DHL-16
776928,WSU-DLCL2
743380,SF126
Carmustine,RL
Remodelin,SW1088
AZD5153,JM1
5-azacytidine,NMC-G1
Vinblastine,D-502MG
Carmustine,JM1
IOX2,SF268
Bicalutamide,42-MG-BA
alpha-lipoic acid,SU-DHL-16
Tretinoin,DBTRG-05MG
729189,NMC-G1
Elesclomol,GI-1
glutathione,DOHH-2
N-acetyl cysteine,KNS-42
50869,NMC-G1
glutathione,Farage
Bromosporine,JEKO-1
GSK269962A,DK-MG
Piperlongumine,SU-DHL-10
Piperlongumine,SW1088
Mycophenolic acid,JM1
SB505124,BC-1
UMI-77,YKG-1
CCT-018159,42-MG-BA
Temsirolimus,SU-DHL-6
Bleomycin,D-542MG
Gallibiscoquinazole,MOG-G-UVW
AZD5582,WSU-DLCL2
UNC0638,CRO-AP2
Dacarbazine,D-336MG
Dabrafenib,A3-KAW
SB505124,SU-DHL-8
AZD1208,SF295
SB505124,MOG-G-UVW
BX795,MOG-G-UVW
UNC0638,MC116
GSK2110183B,JM1
SB505124,VAL
GSK2801,LNZTA3WT4
123138,D-247MG
GSK-LSD1,D-247MG
Vinblastine,D-336MG
L-Oxonoreleagnine,D-502MG
MIM1,YKG-1
Bleomycin,KNS-42
Romidepsin,no-11
TW 37,RL
SL0101,LNZTA3WT4
720427,D-566MG
630600,no-10
UNC0379,D-502MG
765771,D-502MG
Cytarabine,NU-DUL-1
Mycophenolic acid,SNB75
Mitoxantrone,D-566MG
L-Oxonoreleagnine,KNS-42
ICL-SIRT078,JEKO-1
UNC0638,NU-DUL-1
Daporinad,SU-DHL-8
Podophyllotoxin bromide,RL
PF-4708671,KS-1
Elephantin,D-247MG
Elesclomol,DB
AZD1332,JM1
glutathione,KNS-81-FD
SL0101,SK-MG-1
Cisplatin,no-10
POMHEX,RL
Elesclomol,U251
Dihydrorotenone,D-566MG
Dihydrorotenone,KNS-81-FD
150412,SU-DHL-16
CCT-018159,TUR
Vinblastine,YKG-1
ICL-SIRT078,D-542MG
Obatoclax Mesylate,D-336MG
Elesclomol,SU-DHL-6
Sinularin,NU-DUL-1
CCT-018159,SCC-3
Mycophenolic acid,KNS-42
LMP744,D-502MG
Talazoparib,LNZTA3WT4
Vinblastine,OCI-LY-19
5-azacytidine,CRO-AP2
PF-4708671,U-118-MG
PFI3,LNZTA3WT4
Carmustine,D-247MG
Remodelin,MOG-G-CCM
GSK-LSD1,WSU-DLCL2
123138,WSU-DLCL2
AZD8055,JEKO-1
Vincristine,YKG-1
N-acetyl cysteine,no-11
Tozasertib,LNZTA3WT4
SB505124,KINGS-1
150412,SNB75
LMP744,WSU-DLCL2
SB505124,LN-405
Rapamycin,SU-DHL-4
Podophyllotoxin bromide,JM1
Gallibiscoquinazole,CRO-AP2
AZD6482,GRANTA-519
Tozasertib,A3-KAW
150412,RL
Sinularin,MC116
Cisplatin,MC116
AZD5438,SF126
123829,SU-DHL-16
Teniposide,YKG-1
N-acetyl cysteine,SF295
GSK2830371,D-502MG
729189,YKG-1
Dacarbazine,NU-DUL-1
CPI-637,no-10
SGC-CBP30,D-502MG
Schweinfurthin A,YKG-1
BX795,GRANTA-519
Sinularin,CRO-AP2
PF-4708671,DBTRG-05MG
50869,D-423MG
Bicalutamide,DK-MG
TW 37,D-502MG
AZD6482,D-263MG
ML323,LNZTA3WT4
729189,MOG-G-CCM
AZD2014,MC116
Remodelin,D-336MG
TW 37,D-336MG
Elephantin,OCI-LY-19
Topotecan,no-10
AZD1332,WSU-DLCL2
5-azacytidine,SF295
123829,D-423MG
JQ1,U-87-MG
CPI-637,KNS-81-FD
AZD2014,SU-DHL-16
729189,KNS-42
Obatoclax Mesylate,OCI-LY-19
CHIR-99021,U251
123138,D-566MG
GSK-LSD1,D-566MG
Nelarabine,OCI-LY-19
667880,RL
Topotecan,D-566MG
Nelarabine,CTB-1
AZD8055,SF295
AZD2014,RL
alpha-lipoic acid,D-247MG
Bicalutamide,M059J
A-366,KNS-81-FD
50869,no-10
Schweinfurthin A,SNB75
Bicalutamide,Becker
CCT-018159,WSU-DLCL2
Tretinoin,CAS-1
Cytarabine,SU-DHL-4
Mycophenolic acid,JEKO-1
743380,RL
Teniposide,D-336MG
AMG-319,LNZTA3WT4
AZD6482,SW1088
AZD6482,SU-DHL-10
POMHEX,Hs-683
Carmustine,OCI-LY-19
Tozasertib,JSC-1
150412,no-10
Teniposide,MOG-G-CCM
Podophyllotoxin bromide,MC116
123829,MOG-G-UVW
AZD2014,SF295
SB505124,T98G
Tozasertib,KS-1
Elesclomol,SCC-3
CPI-637,JEKO-1
OTX015,LNZTA3WT4
Acetalax,RL
GSK2830371,D-336MG
BX795,DK-MG
Elesclomol,CAS-1
Tretinoin,42-MG-BA
BEN,MOG-G-UVW
776928,D-542MG
IOX2,YH-13
Schweinfurthin A,KNS-42
Cisplatin,D-542MG
615590,NMC-G1
GSK269962A,DBTRG-05MG
Mycophenolic acid,KNS-81-FD
776928,JEKO-1
alpha-lipoic acid,SF295
Elephantin,LNZTA3WT4
Tanespimycin,U-87-MG
Sabutoclax,LNZTA3WT4
BX795,Becker
SB505124,LN-18
L-Oxonoreleagnine,D-423MG
Zoledronate,JEKO-1
AZD5153,WSU-DLCL2
Tozasertib,CAS-1
Mycophenolic acid,no-10
TW 37,DK-MG
Obatoclax Mesylate,Hs-683
Piperlongumine,MOG-G-CCM
Elephantin,YKG-1
5-azacytidine,D-247MG
CCT-018159,GI-1
Podophyllotoxin bromide,no-10
ICL-SIRT078,D-336MG
AGI-6780,MOG-G-CCM
GSK2606414,MOG-G-CCM
N-acetyl cysteine,NU-DUL-1
Tretinoin,MOG-G-CCM
alpha-lipoic acid,KNS-81-FD
TW 37,LN-405
Vinblastine,JM1
A-366,KNS-42
TW 37,CTB-1
MIM1,SF295
Remodelin,BC-1
BX795,U-87-MG
Remodelin,SF539
AZD5991,NMC-G1
743380,YKG-1
Cytarabine,JM1
123829,D-336MG
BX795,RC-K8
Topotecan,JEKO-1
L-Oxonoreleagnine,no-10
GSK2110183B,SU-DHL-16
GSK-LSD1,MC116
123138,MC116
UNC0379,D-542MG
BX795,LN-229
PRIMA-1MET,MOG-G-UVW
CPI-637,KNS-42
Tozasertib,MOG-G-UVW
Gallibiscoquinazole,D-247MG
Elephantin,D-423MG
615590,CTB-1
Dacarbazine,JM1
AZD8055,JM1
GSK2110183B,D-423MG
GSK2830371,RL
765771,no-10
GSK2801,YKG-1
Fludarabine,D-542MG
Bleomycin,NU-DUL-1
PF-4708671,MOG-G-CCM
LMP744,D-423MG
Vorinostat,LNZTA3WT4
Methotrexate,WSU-DLCL2
GSK269962A,SU-DHL-5
Remodelin,KALS-1
TW 37,DOHH-2
IOX2,TUR
A-366,SF295
MIM1,KNS-42
150412,LNZTA3WT4
PF-4708671,KARPAS-422
Cisplatin,JM1
Dacarbazine,D-542MG
Vincristine,LNZTA3WT4
AZD5153,SF295
GSK2801,D-423MG
GSK2830371,CTB-1
CPI-637,SNB75
LMP744,SU-DHL-16
GSK2110183B,NMC-G1
GSK269962A,H4
Romidepsin,D-336MG
Bicalutamide,A4-Fuk
ICL-SIRT078,SNB75
CCT-018159,U251
GSK269962A,CAS-1
BX795,TK
Fludarabine,SU-DHL-4
AZD1208,D-247MG
Sinularin,MOG-G-CCM
Temsirolimus,NU-DUL-1
SL0101,GRANTA-519
AZD5991,CTB-1
N-acetyl cysteine,no-10
Gallibiscoquinazole,YKG-1
WZ4003,MOG-G-CCM
SB505124,GAMG
Sinularin,KNS-42
Entinostat,MOG-G-CCM
Dacarbazine,MOG-G-CCM
AZD1332,NU-DUL-1
5-azacytidine,SU-DHL-4
LMP744,D-566MG
AZD1208,RL
Sinularin,D-542MG
Mitoxantrone,D-336MG
Dacarbazine,NMC-G1
CCT-018159,SF268
743380,no-11
TW 37,DBTRG-05MG
SB505124,TK
Elephantin,MOG-G-UVW
CPI-637,JM1
Cisplatin,SNB75
150412,MOG-G-CCM
Bromosporine,D-247MG
Dihydrorotenone,no-11
Fulvestrant,LNZTA3WT4
Tozasertib,U-118-MG
Elesclomol,D-392MG
Acetalax,LNZTA3WT4
IWP-2,MOG-G-CCM
743380,JM1
UNC0638,D-247MG
Pyridostatin,LNZTA3WT4
Temsirolimus,CRO-AP2
Tretinoin,M059J
776928,CTB-1
615590,SU-DHL-4
Tretinoin,Becker
Topotecan,LNZTA3WT4
Vincristine,SF126
741909,NMC-G1
MIM1,no-10
MN-64,LNZTA3WT4
630600,SNB75
Piperlongumine,A172
SB505124,KALS-1
Piperlongumine,SF268
Entinostat,MOG-G-UVW
765771,SU-DHL-4
glutathione,RL
CHIR-99021,SF268
Bleomycin,OCI-LY-19
720427,SNB75
Schweinfurthin A,Hs-683
SB505124,D-263MG
TW 37,JEKO-1
LMP744,SNB75
MK-8776,GI-1
Niraparib,MOG-G-CCM
BEN,SF295
AZD6482,SF539
OF-1,MOG-G-UVW
AZD5991,KNS-42
50869,D-566MG
776928,MC116
150412,JM1
AZD5153,NU-DUL-1
N-acetyl cysteine,KNS-81-FD
TW 37,GB-1
AZD5991,MOG-G-CCM
Carmustine,D-502MG
SL0101,SU-DHL-8
ICL-SIRT078,SU-DHL-6
Piperlongumine,A3-KAW
AZD5991,Hs-683
Obatoclax Mesylate,KNS-42
Remodelin,GAMG
BX795,YH-13
MIM1,MC116
Remodelin,no-10
Bortezomib,LNZTA3WT4
AMG-319,GI-1
Remodelin,Farage
PF-4708671,TUR
Picolinici-acid,MOG-G-UVW
JQ1,RC-K8
Mycophenolic acid,D-502MG
TW 37,GRANTA-519
UNC0638,OCI-LY-19
776928,NMC-G1
KRAS (G12C) Inhibitor-12,WSU-DLCL2
POMHEX,SU-DHL-16
A-366,Hs-683
Dihydrorotenone,D-247MG
667880,MOG-G-UVW
GSK269962A,MOG-G-CCM
Ruxolitinib,LNZTA3WT4
729189,WSU-DLCL2
POMHEX,MC116
CCT-018159,U-118-MG
Schweinfurthin A,WSU-DLCL2
50869,WSU-DLCL2
Alpelisib,LNZTA3WT4
Obatoclax Mesylate,SNB75
AZD1208,D-566MG
123829,JM1
Piperlongumine,M059J
GSK269962A,LN-18
AZ960,WSU-DLCL2
Schweinfurthin A,no-10
Piperlongumine,KARPAS-1106P
GSK2801,OCI-LY-19
SB505124,DK-MG
L-Oxonoreleagnine,JM1
Vismodegib,RC-K8
CHIR-99021,KARPAS-1106P
EHT-1864,RC-K8
Bicalutamide,DBTRG-05MG
PF-4708671,AM-38
AZD5438,D-247MG
TW 37,KNS-42
Piperlongumine,LN-405
A-366,CTB-1
Bicalutamide,GI-1
AGI-6780,MOG-G-UVW
CCT-018159,GRANTA-519
MIM1,Hs-683
AZD5438,D-336MG
Temsirolimus,M059J
Nelarabine,JEKO-1
Piperlongumine,DK-MG
720427,D-336MG
Venetoclax,LNZTA3WT4
Topotecan,CTB-1
Vinblastine,RL
GSK269962A,VAL
L-Oxonoreleagnine,D-566MG
Mitoxantrone,KNS-42
CPI-637,DOHH-2
Methotrexate,SF539
Elesclomol,KALS-1
123829,SF295
Vincristine,D-566MG
Vincristine,KNS-81-FD
Vincristine,no-11
Bleomycin,D-423MG
GSK269962A,Becker
Dacarbazine,SU-DHL-4
Schweinfurthin A,MC116
GSK2801,JEKO-1
AZD1332,no-10
TW 37,SF126
BEN,NU-DUL-1
Wnt-C59,LNZTA3WT4
123829,no-11
PCI-34051,LNZTA3WT4
BX795,SCC-3
Mycophenolic acid,RL
GSK2110183B,MOG-G-CCM
AZD6482,SU-DHL-8
Tretinoin,LNZTA3WT4
Topotecan,MC116
N-acetyl cysteine,Hs-683
AGI-6780,LNZTA3WT4
SL0101,LN-229
Fludarabine,CRO-AP2
Wnt-C59,MOG-G-CCM
CCT-018159,D-263MG
BX795,LN-405
VE-822,MOG-G-CCM
741909,Hs-683
123829,KNS-42
AZD5438,OCI-LY-19
Elesclomol,SLVL
ICL-SIRT078,RL
Podophyllotoxin bromide,LNZTA3WT4
GSK2801,no-11
POMHEX,NU-DUL-1
Teniposide,D-502MG
Dinaciclib,MOG-G-CCM
N-acetyl cysteine,D-566MG
Sinularin,SNB75
Daporinad,AM-38
Nelarabine,KNS-42
Podophyllotoxin bromide,YKG-1
LMP744,NMC-G1
Cytarabine,D-423MG
UNC0379,KNS-81-FD
667880,LNZTA3WT4
MIM1,Farage
743380,WSU-DLCL2
AZD1208,D-542MG
GSK269962A,KINGS-1
5-azacytidine,D-566MG
SGC-CBP30,no-11
SGC-CBP30,D-566MG
Bicalutamide,YH-13
Elesclomol,GRANTA-519
A-366,D-423MG
A-366,D-336MG
Vinblastine,D-247MG
743380,no-10
Cytarabine,SU-DHL-16
Fludarabine,KNS-81-FD
Cytarabine,KNS-81-FD
Fludarabine,SU-DHL-16
Piperlongumine,D-263MG
Nelarabine,no-11
glutathione,JEKO-1
Nelarabine,YKG-1
Ibrutinib,WSU-DLCL2
PCI-34051,MOG-G-CCM
AZD6482,YH-13
GSK2830371,MC116
Cytarabine,DOHH-2
Romidepsin,no-10
720427,NU-DUL-1
Bicalutamide,JSC-1
Topotecan,D-336MG
AZD5991,D-423MG
743380,SF295
Dacarbazine,SU-DHL-16
AZD5438,SF295
AZD8055,SU-DHL-16
CHIR-99021,H4
Daporinad,TUR
L-Oxonoreleagnine,CTB-1
Bicalutamide,RC-K8
LMP744,no-11
Fludarabine,SF126
VE821,A3-KAW
Piperlongumine,TUR
CHIR-99021,KINGS-1
Daporinad,SCC-3
Podophyllotoxin bromide,no-11
741909,D-423MG
TW 37,SF268
Epirubicin,LNZTA3WT4
Bleomycin,SNB75
Dihydrorotenone,D-336MG
Mycophenolic acid,SU-DHL-4
AZD8055,CRO-AP2
CHIR-99021,SW1088
765771,CTB-1
Schweinfurthin A,RL
50869,D-542MG
CHIR-99021,SU-DHL-10
AZD8186,LNZTA3WT4
AZD6482,CAS-1
741909,SU-DHL-16
Nelarabine,D-247MG
AZD5153,MOG-G-UVW
IOX2,JSC-1
Gallibiscoquinazole,D-336MG
UNC0379,D-247MG
AZD1208,MC116
CZC24832,MOG-G-UVW
Cytarabine,CRO-AP2
Elesclomol,LNZTA3WT4
alpha-lipoic acid,D-566MG
Bicalutamide,CAS-1
CHIR-99021,GB-1
PF-4708671,KARPAS-1106P
L-Oxonoreleagnine,MC116
Elesclomol,KINGS-1
615590,WSU-DLCL2
Zoledronate,D-423MG
Tretinoin,H4
Sabutoclax,MOG-G-UVW
AZD1208,MOG-G-UVW
Tozasertib,YH-13
BX795,KS-1
Teniposide,SF126
Daporinad,JSC-1
POMHEX,JM1
615590,D-502MG
L-Oxonoreleagnine,no-11
Tretinoin,LN-18
765771,MC116
GSK269962A,SU-DHL-10
GSK269962A,SW1088
GSK1904529A,LNZTA3WT4
BX795,SU-DHL-5
AZD1332,SNB75
PRIMA-1MET,WSU-DLCL2
CPI-637,SU-DHL-16
SGC-CBP30,KNS-42
POMHEX,CRO-AP2
OTX015,MOG-G-UVW
AGK2,SU-DHL-4
741909,D-247MG
GSK269962A,LN-405
Dihydrorotenone,MOG-G-UVW
L-Oxonoreleagnine,SF126
CHIR-99021,SU-DHL-8
AZD5991,WSU-DLCL2
Sabutoclax,DOHH-2
PF-4708671,42-MG-BA
Bicalutamide,U-118-MG
SB505124,SLVL
Piperlongumine,TK
50869,KNS-42
Vinblastine,DOHH-2
TW 37,SU-DHL-5
CHIR-99021,BC-1
LMP744,KNS-42
L-Oxonoreleagnine,D-542MG
615590,SF295
Vincristine,CRO-AP2
glutathione,NU-DUL-1
GSK269962A,SF539
A-366,DOHH-2
AZD5991,OCI-LY-19
TW 37,D-247MG
AZD1208,D-336MG
Elesclomol,VAL
CPI-637,SF126
Vinblastine,Hs-683
Mitoxantrone,NU-DUL-1
729189,SNB75
741909,SNB75
5-azacytidine,SU-DHL-16
615590,RL
UMI-77,SNB75
AZD2014,D-542MG
Zoledronate,RL
Gallibiscoquinazole,CTB-1
GSK2606414,SU-DHL-6
alpha-lipoic acid,D-502MG
AZD5438,no-11
Bromosporine,NU-DUL-1
Elesclomol,BC-1
UNC0638,YKG-1
Methotrexate,A4-Fuk
Fludarabine,no-11
GSK2110183B,WSU-DLCL2
Nelarabine,Hs-683
N-acetyl cysteine,SU-DHL-16
Mitoxantrone,JEKO-1
LMP744,SF295
PF-4708671,RC-K8
glutathione,SU-DHL-4
Picolinici-acid,LNZTA3WT4
Remodelin,SNB75
BIBR-1532,JSC-1
Schweinfurthin A,D-423MG
LMP744,CTB-1
Elesclomol,LN-405
Fludarabine,SF295
615590,OCI-LY-19
AZD6482,SK-MG-1
Acetalax,KNS-81-FD
Tozasertib,LN-405
TW 37,LN-229
UNC0638,D-542MG
Nelarabine,SF126
Teniposide,D-542MG
Elesclomol,DK-MG
Dacarbazine,WSU-DLCL2
BX795,MOG-G-CCM
AZD5991,LNZTA3WT4
776928,YKG-1
AZD5153,SU-DHL-4
PF-4708671,SF539
765771,OCI-LY-19
Tretinoin,JSC-1
TW 37,U-118-MG
AZD5991,D-247MG
IOX2,U-118-MG
TW 37,OCI-LY-19
Carmustine,WSU-DLCL2
GSK-LSD1,MOG-G-UVW
Carmustine,SF126
Tozasertib,LN-18
123138,MOG-G-UVW
A-366,JEKO-1
Topotecan,JM1
720427,NMC-G1
Zoledronate,YKG-1
Remodelin,SLVL
776928,SNB75
Fludarabine,JM1
Dacarbazine,SF126
720427,YKG-1
Cyclophosphamide,LNZTA3WT4
Motesanib,U-87-MG
Tretinoin,BC-1
Nelarabine,WSU-DLCL2
OF-1,WSU-DLCL2
A-366,RL
Ibrutinib,MOG-G-CCM
MK-8776,LNZTA3WT4
5-azacytidine,D-502MG
LMP744,CRO-AP2
TW 37,SCC-3
TW 37,TK
Tretinoin,KS-1
Cisplatin,SU-DHL-4
Cytarabine,RL
Daporinad,DK-MG
Dabrafenib,LNZTA3WT4
POMHEX,YKG-1
PF-4708671,WSU-DLCL2
UNC0638,RL
Bleomycin,no-11
CCT-018159,LN-229
50869,SF295
N-acetyl cysteine,OCI-LY-19
Tretinoin,VAL
AZD5438,KNS-81-FD
IWP-2,LNZTA3WT4
Carmustine,KNS-81-FD
alpha-lipoic acid,CRO-AP2
Cisplatin,YKG-1
Bromosporine,D-336MG
Teniposide,MC116
Podophyllotoxin bromide,MOG-G-CCM
Dihydrorotenone,LNZTA3WT4
WIKI4,LNZTA3WT4
AZD5438,MOG-G-CCM
Cytarabine,SF295
Bromosporine,SU-DHL-4
765771,CRO-AP2
Schweinfurthin A,MOG-G-UVW
IOX2,LN-405
IOX2,KINGS-1
630600,D-336MG
123138,D-336MG
GSK-LSD1,D-336MG
AZD5363,LNZTA3WT4
Sinularin,D-247MG
AZD1208,MOG-G-CCM
UNC0638,Hs-683
LMP744,D-336MG
POMHEX,D-336MG
IOX2,AM-38
AGK2,Hs-683
L-Oxonoreleagnine,CRO-AP2
A-366,OCI-LY-19
123829,D-502MG
BX795,KARPAS-422
Podophyllotoxin bromide,D-336MG
ICL-SIRT078,no-10
Piperlongumine,D-392MG
Elesclomol,SF268
GSK269962A,KARPAS-422
ICL-SIRT078,Farage
AZD1208,KNS-42
Daporinad,U-87-MG
TW 37,SU-DHL-16
Daporinad,RC-K8
A-366,YKG-1
Vincristine,Hs-683
WEHI-539,SU-DHL-8
Schweinfurthin A,NMC-G1
765771,SF295
SB505124,SU-DHL-6
Tretinoin,U-118-MG
CZC24832,LNZTA3WT4
AZD1332,D-336MG
AZD5991,JM1
AZD6482,WSU-DLCL2
GSK269962A,YH-13
ZM447439,U-87-MG
POMHEX,D-502MG
Leflunomide,LNZTA3WT4
SB505124,A172
AZD5991,D-566MG
Topotecan,YKG-1
AGK2,NU-DUL-1
Schweinfurthin A,SF126
L-Oxonoreleagnine,SF295
BEN,CTB-1
CHIR-99021,A4-Fuk
UNC0638,DOHH-2
Remodelin,M059J
GSK2830371,Farage
615590,CRO-AP2
150412,WSU-DLCL2
Gallibiscoquinazole,KNS-42
POMHEX,JEKO-1
Remodelin,KARPAS-1106P
Vincristine,SF295
Teniposide,WSU-DLCL2
Romidepsin,SNB75
GSK269962A,JSC-1
TW 37,U251
743380,NU-DUL-1
630600,MOG-G-UVW
Sinularin,SU-DHL-4
Tretinoin,GI-1
Mycophenolic acid,SF295
A-366,D-247MG
BX795,D-392MG
BEN,KNS-81-FD
667880,KNS-42
IOX2,SK-MG-1
Piperlongumine,KARPAS-422
MIM1,LNZTA3WT4
UMI-77,KNS-81-FD
AZD5438,SNB75
Piperlongumine,LNZTA3WT4
Acetalax,Hs-683
Nelarabine,MC116
SL0101,U-118-MG
GSK269962A,A3-KAW
123829,YKG-1
743380,MC116
SB505124,TUR
Daporinad,SK-MG-1
UMI-77,KNS-42
Nelarabine,SU-DHL-16
Fludarabine,YKG-1
N-acetyl cysteine,JM1
AZD2014,LNZTA3WT4
TW 37,Farage
150412,KNS-81-FD
PF-4708671,M059J
150412,D-566MG
XAV939,MOG-G-UVW
150412,SU-DHL-4
743380,MOG-G-UVW
VE-822,MOG-G-UVW
Dihydrorotenone,SNB75
Podophyllotoxin bromide,CTB-1
UMI-77,CTB-1
AZD8055,D-542MG
Mitoxantrone,CTB-1
CCT007093,RC-K8
AZD8055,Hs-683
Piperlongumine,A4-Fuk
GSK2801,MC116
CCT007093,U-87-MG
Dihydrorotenone,D-542MG
Leflunomide,WSU-DLCL2
Bleomycin,D-566MG
Bicalutamide,SF539
Bicalutamide,LNZTA3WT4
glutathione,D-423MG
Bicalutamide,BC-1
Elesclomol,MOG-G-CCM
AZD8055,KNS-42
CCT-018159,DK-MG
Dihydrorotenone,JEKO-1
Fludarabine,D-336MG
743380,NMC-G1
Tretinoin,LN-229
CHIR-99021,U-118-MG
Mitoxantrone,Hs-683
Savolitinib,LNZTA3WT4
AZD5438,D-566MG
CCT007093,M059J
L-Oxonoreleagnine,YKG-1
Daporinad,DBTRG-05MG
A-366,SNB75
Mitoxantrone,MC116
AZD5438,JM1
OTX015,D-423MG
Bicalutamide,VAL
630600,RL
Bromosporine,MOG-G-CCM
Teniposide,CRO-AP2
Gallibiscoquinazole,MC116
Tozasertib,GI-1
729189,JEKO-1
Tozasertib,SK-MG-1
Cytarabine,no-10
Bromosporine,Hs-683
AZD8055,SNB75
Bleomycin,CRO-AP2
AZD1332,JEKO-1
GSK2801,no-10
765771,YKG-1
Tretinoin,YH-13
Schweinfurthin A,SF295
Romidepsin,KNS-81-FD
Niraparib,LNZTA3WT4
AZD1208,SU-DHL-4
Fludarabine,D-502MG
Romidepsin,SU-DHL-16
CHIR-99021,GAMG
AZD5153,KNS-81-FD
Zoledronate,D-502MG
667880,D-247MG
GSK2801,Hs-683
AZD8055,MC116
Alisertib,JEKO-1
Piperlongumine,SLVL
AZD1208,D-423MG
AZD1332,D-542MG
Remodelin,H4
CPI-637,D-542MG
UNC0638,D-336MG
alpha-lipoic acid,SU-DHL-4
LMP744,Hs-683
Romidepsin,D-423MG
AZD2014,CRO-AP2
Mitoxantrone,SNB75
Piperlongumine,CAS-1
Zoledronate,NU-DUL-1
alpha-lipoic acid,D-336MG
Bicalutamide,KARPAS-422
Tretinoin,SU-DHL-6
CHIR-99021,CAS-1
Bicalutamide,GB-1
SB505124,SU-DHL-5
Elesclomol,D-263MG
Piperlongumine,H4
Avagacestat,RC-K8
Carmustine,KNS-42
776928,MOG-G-UVW
Cisplatin,SF295
I-BET-762,MOG-G-CCM
BX795,SF539
AZD1332,CRO-AP2
TW 37,U-87-MG
IOX2,LNZTA3WT4
765771,MOG-G-CCM
AZD6482,A172
667880,NMC-G1
Dacarbazine,no-11
TW 37,RC-K8
741909,D-542MG
Tretinoin,SK-MG-1
AZD6482,M059J
CCT-018159,MOG-G-CCM
667880,YKG-1
ML323,WSU-DLCL2
UMI-77,DOHH-2
Zoledronate,SU-DHL-4
Vinblastine,no-11
BX795,A4-Fuk
PF-4708671,VAL
UMI-77,JEKO-1
741909,JEKO-1
Bicalutamide,H4
Elephantin,RL
Obatoclax Mesylate,D-423MG
UMI-77,JM1
ICL-SIRT078,KNS-81-FD
Zoledronate,no-10
IOX2,GI-1
LY2109761,MC116
Methotrexate,SU-DHL-6
Elesclomol,LN-229
630600,no-11
Acetalax,no-11
UNC0379,NU-DUL-1
Cisplatin,KNS-42
630600,D-566MG
720427,no-10
AZD5438,D-542MG
AZD8055,SF126
615590,no-11
Elesclomol,42-MG-BA
UNC0638,KNS-81-FD
GSK269962A,GRANTA-519
GSK2830371,U-87-MG
GSK2110183B,SF126
UNC0638,Farage
POMHEX,OCI-LY-19
Bicalutamide,D-392MG
PF-4708671,YH-13
AZD5438,LNZTA3WT4
Bromosporine,no-10
Bicalutamide,GRANTA-519
Podophyllotoxin bromide,OCI-LY-19
MIM1,SNB75
630600,KNS-42
P22077,LNZTA3WT4
123138,KNS-42
GSK-LSD1,KNS-42
Mycophenolic acid,CRO-AP2
PF-4708671,T98G
L-Oxonoreleagnine,RL
741909,OCI-LY-19
GSK-LSD1,MOG-G-CCM
123138,MOG-G-CCM
Obatoclax Mesylate,D-566MG
UNC0638,CTB-1
Tretinoin,SU-DHL-5
776928,D-247MG
Elephantin,MOG-G-CCM
776928,D-566MG
CPI-637,D-566MG
Elesclomol,A3-KAW
AZD8055,SU-DHL-4
CPI-637,no-11
SB505124,A4-Fuk
Erlotinib,RL
IOX2,WSU-DLCL2
CHIR-99021,AM-38
720427,MC116
AZD5991,no-11
Piperlongumine,U251
BX795,BC-1
AZD5153,OCI-LY-19
Mitoxantrone,NMC-G1
GSK2801,MOG-G-UVW
Nelarabine,JM1
Dacarbazine,MOG-G-UVW
Elesclomol,SU-DHL-5
ML323,MC116
Dabrafenib,GI-1
Acetalax,D-423MG
Teniposide,Hs-683
Sinularin,JM1
150412,CRO-AP2
630600,SU-DHL-4
CCT-018159,GAMG
Sinularin,JEKO-1
LMP744,KNS-81-FD
UNC0379,NMC-G1
Topotecan,MOG-G-UVW
SL0101,KARPAS-1106P
POMHEX,D-247MG
Remodelin,D-566MG
Remodelin,KNS-81-FD
743380,D-423MG
Remodelin,SU-DHL-16
Gefitinib,LNZTA3WT4
CHIR-99021,MOG-G-UVW
Teniposide,KNS-42
5-azacytidine,JEKO-1
741909,D-336MG
BEN,SU-DHL-4
TW 37,LN-18
AZD2014,D-423MG
Acetalax,no-10
SGC-CBP30,JEKO-1
AZD6482,LN-229
Entospletinib,LNZTA3WT4
Cisplatin,KNS-81-FD
Remodelin,D-423MG
N-acetyl cysteine,SU-DHL-4
AZD5438,WSU-DLCL2
Cisplatin,no-11
Daporinad,A3-KAW
Carmustine,NMC-G1
Tretinoin,8-MG-BA
AZD6482,RC-K8
Mitoxantrone,SU-DHL-16
N-acetyl cysteine,JEKO-1
776928,MOG-G-CCM
Remodelin,KINGS-1
720427,WSU-DLCL2
N-acetyl cysteine,SF126
GSK2830371,SF295
Teniposide,no-11
GSK2801,D-502MG
CPI-637,Hs-683
AZD6482,JSC-1
TW 37,42-MG-BA
Schweinfurthin A,D-542MG
50869,RL
Nelarabine,NMC-G1
Romidepsin,LNZTA3WT4
BX795,GB-1
SCH772984,LNZTA3WT4
667880,SNB75
Teniposide,SF295
Bicalutamide,D-263MG
GSK2830371,no-11
Dasatinib,RL
SL0101,MOG-G-CCM
BX795,SK-MG-1
Vinblastine,SF126
A-366,MC116
Cytarabine,D-566MG
Cisplatin,JEKO-1
AZD8055,D-247MG
ICL-SIRT078,CRO-AP2
Daporinad,TK
765771,JEKO-1
Tozasertib,GRANTA-519
AZD8055,DOHH-2
AZD6482,A3-KAW
SGC-CBP30,MC116
BX795,42-MG-BA
GSK269962A,GI-1
CHIR-99021,SU-DHL-6
Tozasertib,U-87-MG
Piperlongumine,MOG-G-UVW
glutathione,CRO-AP2
alpha-lipoic acid,no-10
SL0101,A172
alpha-lipoic acid,JEKO-1
Vincristine,no-10
Bicalutamide,KS-1
Piperlongumine,VAL
741909,MOG-G-UVW
AZD6482,D-392MG
776928,LNZTA3WT4
Bromosporine,SU-DHL-16
AZD1332,KNS-81-FD
MN-64,MOG-G-UVW
ICL-SIRT078,D-566MG
AZD5153,KNS-42
Sabutoclax,MOG-G-CCM
BIBR-1532,LNZTA3WT4
POMHEX,D-423MG
Tozasertib,T98G
SL0101,VAL
Dihydrorotenone,Hs-683
Carmustine,SNB75
Mitoxantrone,OCI-LY-19
765771,D-566MG
PF-4708671,LN-229
Remodelin,D-263MG
IOX2,U251
CZC24832,WSU-DLCL2
LY2109761,LNZTA3WT4
Vinblastine,LNZTA3WT4
PRT062607,MOG-G-CCM
UNC0638,no-11
Pyridostatin,GI-1
AZD5991,SF295
Entinostat,LNZTA3WT4
Nelarabine,SNB75
Teniposide,MOG-G-UVW
UNC0379,no-11
SGC-CBP30,LNZTA3WT4
Sinularin,CTB-1
UNC0379,RL
Sinularin,OCI-LY-19
Carmustine,JEKO-1
AZD5153,CRO-AP2
GSK2110183B,D-566MG
alpha-lipoic acid,MC116
Tretinoin,GRANTA-519
GSK-LSD1,SU-DHL-4
123138,SU-DHL-4
Elephantin,SU-DHL-4
Tozasertib,SU-DHL-8
glutathione,SF295
BX795,D-263MG
Piperlongumine,GRANTA-519
AZD5153,CTB-1
5-azacytidine,Farage
Fludarabine,D-247MG
UNC0379,KNS-42
Avagacestat,U-87-MG
5-azacytidine,no-10
150412,YKG-1
BX795,KALS-1
Elephantin,SF295
BX795,KARPAS-1106P
SGC-CBP30,RL
AZD5582,YKG-1
Cytarabine,Farage
XAV939,LNZTA3WT4
Nelarabine,SU-DHL-4
150412,NMC-G1
GSK2830371,KNS-42
AZD6482,KARPAS-422
Vinblastine,no-10
Teniposide,NMC-G1
Tretinoin,LN-405
Romidepsin,JM1
776928,SF126
MIM1,JM1
Temsirolimus,RC-K8
150412,OCI-LY-19
UNC0379,Hs-683
Romidepsin,D-566MG
Bromosporine,D-566MG
TW 37,D-566MG
Carmustine,SU-DHL-4
Cytarabine,LNZTA3WT4
615590,D-336MG
123829,SNB75
SL0101,SF539
Mitoxantrone,YKG-1
Dinaciclib,MOG-G-UVW
AZD1208,Hs-683
Mitoxantrone,no-11
Tozasertib,LN-229
Cisplatin,Farage
Elesclomol,TUR
Mycophenolic acid,YKG-1
Elephantin,no-10
5-azacytidine,MC116
150412,no-11
Vincristine,D-542MG
Dacarbazine,LNZTA3WT4
AGK2,SF126
Obatoclax Mesylate,CRO-AP2
BEN,KNS-42
Bleomycin,MOG-G-CCM
Piperlongumine,SU-DHL-6
50869,LNZTA3WT4
Wnt-C59,MOG-G-UVW
Remodelin,LNZTA3WT4
Bicalutamide,SCC-3
LMP744,LNZTA3WT4
PF-4708671,LN-18
GSK2110183B,MOG-G-UVW
Vincristine,JEKO-1
Bicalutamide,8-MG-BA
SL0101,RC-K8
Bleomycin,CTB-1
AZD8055,YKG-1
AZD1332,SF126
BX795,U251
CPI-637,D-336MG
PF-4708671,A172
Dihydrorotenone,JM1
729189,SF126
Topotecan,NMC-G1
Topotecan,D-423MG
AZD5991,D-336MG
BEN,CRO-AP2
TW 37,KNS-81-FD
741909,LNZTA3WT4
Sinularin,D-502MG
SGC-CBP30,CRO-AP2
Teniposide,SNB75
CCT-018159,A172
Bosutinib,RC-K8
Romidepsin,SU-DHL-4
123829,D-247MG
Mitoxantrone,JM1
AZD6482,MOG-G-CCM
Podophyllotoxin bromide,JEKO-1
SB505124,GI-1
AZD6482,T98G
alpha-lipoic acid,OCI-LY-19
Tretinoin,SF539
SL0101,SF268
LCL161,LNZTA3WT4
Schweinfurthin A,D-566MG
AZD8055,D-423MG
GSK-LSD1,SF126
Carmustine,MOG-G-UVW
123138,SF126
Elesclomol,M059J
Vincristine,NU-DUL-1
NU7441,RC-K8
IOX2,KALS-1
AZD8055,Farage
Elesclomol,GB-1
LMP744,MOG-G-UVW
741909,no-11
Tozasertib,GB-1
GSK2110183B,KNS-81-FD
776928,D-423MG
Podophyllotoxin bromide,CRO-AP2
Cisplatin,D-423MG
Bromosporine,CTB-1
GSK2801,JM1
615590,NU-DUL-1
Remodelin,KS-1
GNE-317,H4
PCI-34051,WSU-DLCL2
A-366,Farage
LMP744,OCI-LY-19
Fludarabine,SNB75
AZD6482,42-MG-BA
776928,SU-DHL-16
AZD5438,Hs-683
MIM1,D-336MG
Bromosporine,LNZTA3WT4
Zoledronate,MC116
Daporinad,LN-405
Methotrexate,BC-1
LY2109761,MOG-G-CCM
GSK-LSD1,CTB-1
123138,CTB-1
Tretinoin,T98G
ICL-SIRT078,LNZTA3WT4
SB590885,RC-K8
AZD5991,KNS-81-FD
Zoledronate,SU-DHL-16
IOX2,SU-DHL-6
AZD2014,OCI-LY-19
A-366,D-502MG
AZD5438,KNS-42
SGC-CBP30,D-423MG
Bromosporine,MC116
Piperlongumine,GB-1
123829,LNZTA3WT4
Obatoclax Mesylate,MC116
5-azacytidine,OCI-LY-19
UMI-77,D-502MG
Dacarbazine,D-566MG
Remodelin,JM1
667880,WSU-DLCL2
Elephantin,D-502MG
Bicalutamide,DB
SB505124,AM-38
Tretinoin,GB-1
POMHEX,SU-DHL-4
CPI-637,CTB-1
Elesclomol,H4
Acetalax,CTB-1
Elesclomol,A172
AZD1332,SF295
AZD5582,LNZTA3WT4
Bicalutamide,MOG-G-CCM
CPI-637,D-423MG
CHIR-99021,M059J
UNC0379,D-423MG
Bleomycin,SF126
glutathione,SF126
POMHEX,SF126
Sinularin,D-566MG
OF-1,MOG-G-CCM
Nelarabine,D-542MG
720427,no-11
Tozasertib,SF539
GSK269962A,BC-1
Tozasertib,SCC-3
Elesclomol,LN-18
Elesclomol,TK
BMS-536924,LNZTA3WT4
TW 37,SK-MG-1
741909,SU-DHL-4
CHIR-99021,SF539
AZD2014,Hs-683
BX795,TUR
A-366,NU-DUL-1
LMP744,D-247MG
GSK2110183B,CRO-AP2
729189,JM1
Vincristine,D-336MG
LMP744,D-542MG
AZD1208,NMC-G1
Tozasertib,SW1088
Tozasertib,SU-DHL-10
Telomerase Inhibitor IX,LNZTA3WT4
POMHEX,D-566MG
GSK2110183B,no-10
CCT-018159,GB-1
SGC-CBP30,NU-DUL-1
SL0101,T98G
CCT-018159,SLVL
AZD1208,CRO-AP2
50869,CTB-1
765771,D-423MG
AZD1332,Hs-683
IOX2,LN-229
Bromosporine,SF126
GSK2801,D-542MG
AZD6482,KS-1
IOX2,KARPAS-1106P
Dacarbazine,no-10
TW 37,SNB75
GSK269962A,M059J
LMP744,JEKO-1
Tozasertib,KALS-1
alpha-lipoic acid,D-423MG
Bleomycin,SU-DHL-4
GSK2830371,SNB75
Entospletinib,MOG-G-CCM
Bromosporine,D-542MG
Piperlongumine,BC-1
SGC-CBP30,D-247MG
Remodelin,YKG-1
AZD6482,GAMG
Dacarbazine,KNS-81-FD
150412,MOG-G-UVW
Piperlongumine,T98G
AZD5438,CTB-1
MIM1,NU-DUL-1
630600,MC116
720427,D-502MG
GSK269962A,D-392MG
Bromosporine,SNB75
CHIR-99021,8-MG-BA
Vinblastine,Farage
N-acetyl cysteine,D-423MG
Afuresertib,LNZTA3WT4
LCL161,MOG-G-UVW
Remodelin,SU-DHL-4
Mitoxantrone,D-542MG
BEN,OCI-LY-19
CHIR-99021,WSU-DLCL2
AZD2014,D-502MG
BX795,U-118-MG
Mitoxantrone,WSU-DLCL2
AZD2014,MOG-G-UVW
Schweinfurthin A,SU-DHL-16
L-Oxonoreleagnine,NU-DUL-1
741909,SF295
PF-4708671,JSC-1
Tozasertib,WSU-DLCL2
Remodelin,SF295
Sinularin,Hs-683
Teniposide,JM1
Zoledronate,MOG-G-UVW
GSK269962A,KALS-1
POMHEX,SNB75
Zoledronate,CRO-AP2
UMI-77,OCI-LY-19
A-366,no-11
CCT-018159,JSC-1
CCT-018159,BC-1
Mycophenolic acid,Farage
720427,MOG-G-UVW
N-acetyl cysteine,DOHH-2
Piperlongumine,GI-1
729189,SU-DHL-4
Bleomycin,D-502MG
VE-822,WSU-DLCL2
Remodelin,RL
